{
  "posts": [
    {
      "id": 2,
      "name": "sanket dhumal",
      "email": "sanket113@gmail.com",
      "mobile": "9921466244"
    },
    {
      "id": 3,
      "name": "ddd",
      "email": "ddd@gmail.com",
      "mobile": "1234567"
    },
    {
      "id": 4,
      "name": "bbb",
      "email": "bbbb",
      "mobile": "00000000"
    },
    {
      "id": 5,
      "name": "sss",
      "email": "ddd@gmail.com",
      "mobile": "333333"
    },
    {
      "id": 6
    },
    {
      "id": 7
    }
  ],
  "seller": [
    {
      "name": "sanket Dhumal",
      "email": "sanket113@gmail.com",
      "password": "123",
      "id": 1
    },
    {
      "name": "sanket Dhumal",
      "email": "sanket113@gmail.com",
      "password": "123",
      "id": 2
    },
    {
      "name": "tony",
      "password": "1234",
      "email": "tony@gmail.com",
      "id": 3
    },
    {
      "name": "rohit",
      "password": "567",
      "email": "rohit123@gmail.com",
      "id": 4
    },
    {
      "name": "sss",
      "password": "543",
      "email": "ddd@gmail.com",
      "id": 5
    },
    {
      "name": "sanket dhumal",
      "password": "123",
      "email": "sanketdhumal113@gmail.com",
      "id": 6
    },
    {
      "name": "aaa",
      "password": "786",
      "email": "ddd@gmail.com",
      "id": 7
    },
    {
      "name": "tony",
      "password": "342",
      "email": "tony@gmail.com",
      "id": 8
    },
    {
      "name": "",
      "password": "",
      "email": "",
      "id": 9
    },
    {
      "name": "rohit",
      "password": "876",
      "email": "sanketdhumal113@gmail.com",
      "id": 10
    },
    {
      "name": "",
      "password": "",
      "email": "",
      "id": 11
    },
    {
      "name": "",
      "password": "",
      "email": "",
      "id": 12
    }
  ],
  "products": [
    {
      "name": "i phone 5",
      "price": "23000",
      "color": "red",
      "category": "mobiles",
      "description": "Hello Users",
      "Image": "https://store.storeimages.cdn-apple.com/4668/as-images.apple.com/is/iphone-12-finish-select-202207-product-red_AV1_GEO_EMEA_FMT_WHH?wid=1280&hei=492&fmt=p-jpg&qlt=80&.v=1662150073843",
      "id": 1
    },
    {
      "name": " i phone 13",
      "price": "20000",
      "color": "darkcyan",
      "category": "mobiles",
      "description": "good product",
      "Image": "https://store.storeimages.cdn-apple.com/4982/as-images.apple.com/is/iphone-13-finish-select-202207-5-4inch-blue_AV1_FMT_WHH?wid=1280&hei=492&fmt=p-jpg&qlt=80&.v=1656713250664",
      "id": 2
    },
    {
      "name": "HP Laptop",
      "price": "60000",
      "color": "Black",
      "category": "Laptop",
      "description": "good",
      "Image": "https://prolap.mv/wp-content/uploads/2022/04/hcyjfy.jpg",
      "id": 3
    },
    {
      "name": "Sparx shoe",
      "price": "1000",
      "color": "Black",
      "category": "Shoes",
      "description": "good",
      "Image": "https://m.media-amazon.com/images/I/61L4ZMMwgCL._UY575_.jpg",
      "id": 5
    },
    {
      "name": "Sonata watch",
      "price": "2500",
      "color": "Black",
      "category": "Watches",
      "description": "Awesome",
      "Image": "https://m.media-amazon.com/images/I/71T3mWXef4L._UL1500_.jpg",
      "id": 6
    },
    {
      "name": "Chain",
      "price": "400",
      "color": "Silver",
      "category": "Chains",
      "description": "Good",
      "Image": "https://i.pinimg.com/736x/59/d0/d4/59d0d48801b5d22ce9dd46c19b015bf0.jpg",
      "id": 7
    },
    {
      "name": "Ring",
      "price": "12000",
      "color": "Gold",
      "category": "Ring",
      "description": "Awesome",
      "Image": "https://m.media-amazon.com/images/I/61Blzu9OwqL._UL1500_.jpg",
      "id": 8
    }
  ],
  "users": [
    {
      "name": "sanket",
      "email": "sanket113@gmail.com",
      "password": "1234",
      "id": 1
    },
    {
      "name": "rohit",
      "email": "rohit123@gmail.com",
      "password": "5678",
      "id": 2
    },
    {
      "name": "rohit",
      "email": "rohit@gmail.com",
      "password": "2345",
      "id": 3
    },
    {
      "name": "tejas",
      "email": "tejas@gmail.com",
      "password": "9999",
      "id": 4
    }
  ],
  "cart": [
    {
      "name": " i phone 13",
      "price": "20000",
      "color": "white",
      "category": "mobiles",
      "description": "good product",
      "Image": "https://store.storeimages.cdn-apple.com/4982/as-images.apple.com/is/iphone-13-finish-select-202207-5-4inch-blue_AV1_FMT_WHH?wid=1280&hei=492&fmt=p-jpg&qlt=80&.v=1656713250664",
      "quantity": 1,
      "userId": 1,
      "productId": 2,
      "id": 4
    },
    {
      "name": "Apple Laptop",
      "price": "60000",
      "color": "Black",
      "category": "Laptop",
      "description": "good",
      "Image": "https://images.unsplash.com/photo-1611186871348-b1ce696e52c9?ixlib=rb-4.0.3&ixid=MnwxMjA3fDB8MHxzZWFyY2h8Mnx8YXBwbGUlMjBsYXB0b3B8ZW58MHx8MHx8&w=1000&q=80",
      "quantity": 1,
      "userId": 1,
      "productId": 3,
      "id": 5
    },
    {
      "name": "i phone 5",
      "price": "23000",
      "color": "red",
      "category": "mobiles",
      "description": "Hello Users",
      "Image": "https://store.storeimages.cdn-apple.com/4668/as-images.apple.com/is/iphone-12-finish-select-202207-product-red_AV1_GEO_EMEA_FMT_WHH?wid=1280&hei=492&fmt=p-jpg&qlt=80&.v=1662150073843",
      "quantity": 1,
      "userId": 1,
      "productId": 1,
      "id": 7
    }
  ],
  "orders": [],
  "comments": [],
  "profile": {
    "name": "typicode"
  }
}